wallet,tier,net_usd
AgmLJBMDCqWynYnQiPCuj9ewsNNsBJXyzoUhD9LJzN51,R,0
GLiCiNEnku3pQsmkVkRvnDLbfUN9BWbsrPDWLdPaADng,R,0
R32xAccFis3YzBzGwZ1C4QkGiehLxSao7gDmErA3kjk,R,0
3H4GRCwM7Vuqbss84JDENECskVMzHx8LMNbwDh9j2PWJ,I,1166
E7vdrWY6zWfxR8ajU1AzWYyv6xgcd9H2ihsGRYKS2grN,I,1149
FireuLYd4yjJBhXQyBs3Mq6ZpNEjyHPNPG2eqhTP9RHV,I,1122
AcQsyr63zCquJTMs56EdLSSowZUdqsDd8zch9r4vhQoU,I,1115
AYZryL5JYFhAJ7PtA9uvebDqcFrifcPTucvDyjbd7xzN,I,1103
5aLY85pyxiuX3fd4RgM3Yc1e3MAL6b7UgaZz6MS3JUfG,I,1053
FT3TdU6oFjNvy3KW6e1drZRVNz4UX1qmsK2VD65gefhv,I,1051
4H9wQ3D66A5b2pCwkuQDHqrqVJmggZMe5d1y9kgtyWti,I,1045
8MNnuHjYVFDrvR6rsteB6YZ4XRKzWsxyoW9pBYNTLMnC,I,1044
4EEZdjeZcFMNM3LRW7vS4pg5STX772mmQHhyohUgGeZ6,I,1031
88n3bVZincYpMgkNbDQbcUk4ScR3ir23kRwPUv2QRVWw,I,1024
9oK1BRS9s4iXK6uCMy8vDyUYGFPgX6pR8LzRPUgEid4d,I,1003
2zv8L3acBNYRbZCZekeSwAFDur1PthtC2tzVkbMZEkkw,I,1001
1b6fzuFLBLpzd66ALT2jhzVMRP9sLBvnd1MoW4dChLs,I,986
BiFYSKmpUWtNfTVwjXJjgyvmSojqkkgDwwTUK5xocVNm,I,985
AcPtKRy2xrYbRZ5tbZHps9VzfALZFxQ8HeAENCgAifSX,I,981
FH6qqoe6XpogJCVbQtZ5t31dCvdEgfmWw5z1f2ewqsBy,I,975
AsJJpRBtQNHnH7BBWSELHsrqkoiWtKiRfAsa9GoETkLa,I,974
3PPcSduPGrffHnBW7TCU3sk8gcm1EeHNuXMstiB3Ebqj,I,959
4vnNsqzukFwR9ArzVJD3nKXhA4oNX7epLPUVsJ9pBgtZ,I,949
5kekPqcLjaoko54dLFopVqQZF1bqDzFDva9xTCFdG4wH,I,948
Fw4JrDmc9Xb6eXsFHRTSrque4dDRw9rYXwL9QS8TxGxV,I,939
8wCrZ4kGRW5JUkoZEXiFAaXvP8khGgE4iSTBjjgaSJck,I,937
4cs5k2fdRsZhB6WRmyygqdicpuimVbbuxzM5kuCFov3R,I,926
EM1ZyNA3g4rr9MBzSEA36QqWd7t7cp54zDidm3YskyeU,I,923
GUorX1qCqqNXb6feCp3ZPKC8KkDxc9gH7Ho3ZqDFGX8v,I,894
85QmzKXQ5fdc21R88MYJVyKgdPYzL26jDGH8RbS6MTsN,I,882
9EwQoN74Hzw747EM7wB3WtvgAdRGH1czaPtbqZj1qDj4,I,878
3mDSPpudH2mtCxrt5ftgmjeNbBrneYwQi2oV18TWTkYa,I,869
Lg42uwUpeNPbuArWMq7mWXAf89aUixEBwyZLFjT46Ut,I,862
uwnwuTBQWkurHT8vXifNRS53W7HAdZ5HYe3fkza1Fq3,I,860
D5mrp9KcBw1yinjAK61Fuj3y3WByafNK5jqiQGiat4VJ,I,858
4xxwLcQxeBjEwGYMf73djFYG28LSa1GTcLZkudguUqTC,I,857
8javGTLj9odD4U2AvEKwU236zGcGtq8VBw8WySFNLcHX,I,855
CxSM5t53bcwCQ4Kz2gaDPc7RUoJZPF2mryYekMnciEKi,I,853
84WjsSwq9H1afwKQjb9fvZxiAuHX9aqnaVvro6zy5sMK,I,850
7pAGbMveVHHqVkspyC7NjESCXo2JQaaZktVVL3Y3VSqQ,I,846
AcW4X3X8Joi1DBmiRgjmsJVo1kSitKHQSjQ39ntw419T,I,841
G2jDksyAAU22qyNjLbSxhcxVQ6dL7jm3Kx1YK1EKmSj4,I,840
3mYaH4Pkk78KPdxLQMUSNMYGxcn9xEt5RYvGw5Ey6ZrK,I,837
Chsgv4hEZnCjqHV8qnmEGTNZ7QwbgKmBa3G5hZgaMpEn,I,836
7BifejBGuSWdzaUhywNEjxv8Xx7o4MfdpVMLscyHGNrN,I,834
9G3UWauLGhDByiLGG5SSaMKxohJV1khckzWQktER6a5a,I,830
4QuKUd9pYvp5VY622u4c1hBNhk7Zt7S4SyEeygGinDo6,I,829
HrVedu1ebQX376NKam1RKowQgL9kD1eTprTdyfosQYr9,I,828
2Y9xE2pFV1QuQK3dELcXSugVk7g2REaYu3nenVBQqDbd,I,823
4XiYbyU6zP357mHG3Xq9u4KHDJdbXn4GwDcF2tHaQCh9,I,821
EorGEbt18851FJJTMCC9zhBaDHweftzyvH9SjaFFUsG6,I,818
3GFGEYPfLMNxHMvCwGFDF41uNBFnjW5b41wZWV61CiAC,I,814
64hJxoZzjoL6MW4uwdKDkaBiZdk87ZxmthHnLwaAKUgS,I,809
D3CBMt1M8Mws1cYSB6L4Z9MVBPd9uRuEbEuvr8MSBSdv,I,803
8FcefT5fcuj8VVL47PSe4sYWNo2Ax7Y12BhtQUphM4MY,I,802
B9MGJzKbck6MMPfoqxb2pCeTT4WJXX6SzVqQtqZqFnDM,I,801
F8AsbTtwVpzEQuGjcRdekKXRgxkeJaPKjMyAvJhwnYJd,I,800
FGPmCNMvqGsS4cbnygtuEdix83GoKe1ac1gXSn5GUCsz,I,795
EsqRAayVCtJ9yDECWK6BArY9Dy1eyKYXdyN8GbZ5AXsL,I,787
BnJ571hZ9ADiVeR5D4qFN9PsnvuuvvZQLXCvdRP6Acmo,I,785
G2Lgcd1hWmekK6ueX5ALe6w9EbnwDMXY9RSSD7HYhZVS,I,777
57rhyoYxJcjsJcoFLy74LdxeJH4h2X65kqexucvbD1Sj,I,771
EkXxonwVB27DoBqSEnYYjNPmF83trANHNZkq6ffkRA62,I,765
